<ImportExportXml xmlns:xsi="http://www.w3.org/2001/XMLSchema-instance">
  <Entities></Entities>
  <Roles></Roles>
  <Workflows></Workflows>
  <FieldSecurityProfiles></FieldSecurityProfiles>
  <Templates />
  <EntityMaps />
  <EntityRelationships />
  <OrganizationSettings />
  <optionsets />
  <CustomControls />
  <SolutionPluginAssemblies>
    <PluginAssembly FullName="Codec.Utility.Workflows.GenerateAppSpecificRecordUrl, Version=1.0.0.0, Culture=neutral, PublicKeyToken=02ffa685d2b8bfe5" PluginAssemblyId="15c962bd-ef02-492b-b980-fc4db1318fd5" CustomizationLevel="1">
      <IsolationMode>2</IsolationMode>
      <SourceType>0</SourceType>
      <IntroducedVersion>1.0</IntroducedVersion>
      <FileName>/PluginAssemblies/CodecUtilityWorkflowsGenerateAppSpecificRecordUrl-15C962BD-EF02-492B-B980-FC4DB1318FD5/CodecUtilityWorkflowsGenerateAppSpecificRecordUrl.dll</FileName>
      <PluginTypes>
        <PluginType AssemblyQualifiedName="GenerateAppSpecificRecordUrl.GenerateUrl, Codec.Utility.Workflows.GenerateAppSpecificRecordUrl, Version=1.0.0.0, Culture=neutral, PublicKeyToken=02ffa685d2b8bfe5" PluginTypeId="840fef7c-b17f-442d-a06a-28542de03b14" Name="GenerateAppSpecificRecordUrl.GenerateUrl">
          <FriendlyName>e4ffd77b-8864-4c56-9519-1bb651f69262</FriendlyName>
          <WorkflowActivityGroupName>Codec.Utility.Workflows.GenerateAppSpecificRecordUrl (1.0.0.0)</WorkflowActivityGroupName>
        </PluginType>
      </PluginTypes>
    </PluginAssembly>
  </SolutionPluginAssemblies>
  <EntityDataProviders />
  <Languages>
    <Language>1033</Language>
    <Language>1046</Language>
  </Languages>
</ImportExportXml>