<ImportExportXml xmlns:xsi="http://www.w3.org/2001/XMLSchema-instance">
  <Entities></Entities>
  <Roles></Roles>
  <Workflows>
    <Workflow WorkflowId="{998b6712-c51a-4e63-965f-46e950a36e7d}" Name="Contact - Generate Record URL (Default)">
      <XamlFileName>/Workflows/Contact-GenerateRecordURLDefault-998B6712-C51A-4E63-965F-46E950A36E7D.xaml</XamlFileName>
      <Type>1</Type>
      <Subprocess>0</Subprocess>
      <Category>0</Category>
      <Mode>1</Mode>
      <Scope>1</Scope>
      <OnDemand>1</OnDemand>
      <TriggerOnCreate>0</TriggerOnCreate>
      <TriggerOnDelete>0</TriggerOnDelete>
      <AsyncAutodelete>1</AsyncAutodelete>
      <SyncWorkflowLogOnFailure>1</SyncWorkflowLogOnFailure>
      <StateCode>1</StateCode>
      <StatusCode>2</StatusCode>
      <RunAs>1</RunAs>
      <IsTransacted>1</IsTransacted>
      <IntroducedVersion>1.0.0.0</IntroducedVersion>
      <IsCustomizable>1</IsCustomizable>
      <PrimaryEntity>Contact</PrimaryEntity>
      <LocalizedNames>
        <LocalizedName languagecode="1033" description="Contact - Generate Record URL (Default)" />
      </LocalizedNames>
    </Workflow>
    <Workflow WorkflowId="{1215a754-8869-48af-8a08-64c977ee6ea3}" Name="Account - Generate Record URL for Specific App">
      <XamlFileName>/Workflows/Account-GenerateRecordURLforSpecificApp-1215A754-8869-48AF-8A08-64C977EE6EA3.xaml</XamlFileName>
      <Type>1</Type>
      <Subprocess>0</Subprocess>
      <Category>0</Category>
      <Mode>1</Mode>
      <Scope>1</Scope>
      <OnDemand>1</OnDemand>
      <TriggerOnCreate>0</TriggerOnCreate>
      <TriggerOnDelete>0</TriggerOnDelete>
      <AsyncAutodelete>0</AsyncAutodelete>
      <SyncWorkflowLogOnFailure>1</SyncWorkflowLogOnFailure>
      <StateCode>1</StateCode>
      <StatusCode>2</StatusCode>
      <CreateStage>40</CreateStage>
      <RunAs>1</RunAs>
      <IsTransacted>1</IsTransacted>
      <IntroducedVersion>1.0.0.0</IntroducedVersion>
      <IsCustomizable>1</IsCustomizable>
      <PrimaryEntity>Account</PrimaryEntity>
      <LocalizedNames>
        <LocalizedName languagecode="1033" description="Account - Generate Record URL for Specific App" />
      </LocalizedNames>
    </Workflow>
    <Workflow WorkflowId="{debc7cce-9556-4814-a42f-6a661982d763}" Name="Account - Generate Record URL (Default)">
      <XamlFileName>/Workflows/Account-GenerateRecordURLDefault-DEBC7CCE-9556-4814-A42F-6A661982D763.xaml</XamlFileName>
      <Type>1</Type>
      <Subprocess>0</Subprocess>
      <Category>0</Category>
      <Mode>1</Mode>
      <Scope>1</Scope>
      <OnDemand>1</OnDemand>
      <TriggerOnCreate>0</TriggerOnCreate>
      <TriggerOnDelete>0</TriggerOnDelete>
      <AsyncAutodelete>0</AsyncAutodelete>
      <SyncWorkflowLogOnFailure>1</SyncWorkflowLogOnFailure>
      <StateCode>1</StateCode>
      <StatusCode>2</StatusCode>
      <CreateStage>40</CreateStage>
      <RunAs>1</RunAs>
      <IsTransacted>1</IsTransacted>
      <IntroducedVersion>1.0.0.0</IntroducedVersion>
      <IsCustomizable>1</IsCustomizable>
      <PrimaryEntity>Account</PrimaryEntity>
      <LocalizedNames>
        <LocalizedName languagecode="1033" description="Account - Generate Record URL (Default)" />
      </LocalizedNames>
    </Workflow>
  </Workflows>
  <FieldSecurityProfiles></FieldSecurityProfiles>
  <Templates />
  <EntityMaps />
  <EntityRelationships />
  <OrganizationSettings />
  <optionsets />
  <CustomControls />
  <SolutionPluginAssemblies>
    <PluginAssembly FullName="GenerateAppSpecificRecordUrl, Version=1.0.0.0, Culture=neutral, PublicKeyToken=02ffa685d2b8bfe5" PluginAssemblyId="d8bcc10d-1f2c-4f0d-89f6-f678950ed73e" CustomizationLevel="1">
      <IsolationMode>2</IsolationMode>
      <SourceType>0</SourceType>
      <IntroducedVersion>1.0</IntroducedVersion>
      <FileName>/PluginAssemblies/GenerateAppSpecificRecordUrl-D8BCC10D-1F2C-4F0D-89F6-F678950ED73E/GenerateAppSpecificRecordUrl.dll</FileName>
      <PluginTypes>
        <PluginType AssemblyQualifiedName="GenerateAppSpecificRecordUrl.GenerateUrl, GenerateAppSpecificRecordUrl, Version=1.0.0.0, Culture=neutral, PublicKeyToken=02ffa685d2b8bfe5" PluginTypeId="25196639-928d-45b0-aef6-8828e50684f2" Name="GenerateAppSpecificRecordUrl.GenerateUrl">
          <FriendlyName>9daf396b-bc45-4e6a-8a79-1c6529ab5b75</FriendlyName>
          <WorkflowActivityGroupName>GenerateAppSpecificRecordUrl (1.0.0.0)</WorkflowActivityGroupName>
        </PluginType>
        <PluginType AssemblyQualifiedName="GenerateAppSpecificRecordUrl.ThrowIntentionalException, GenerateAppSpecificRecordUrl, Version=1.0.0.0, Culture=neutral, PublicKeyToken=02ffa685d2b8bfe5" PluginTypeId="d3460ba2-b72c-443f-b52b-2ad6646ca822" Name="GenerateAppSpecificRecordUrl.ThrowIntentionalException">
          <FriendlyName>6d42c3ab-4a75-4c51-853e-a9ef6e7abec1</FriendlyName>
          <WorkflowActivityGroupName>GenerateAppSpecificRecordUrl (1.0.0.0)</WorkflowActivityGroupName>
        </PluginType>
      </PluginTypes>
    </PluginAssembly>
  </SolutionPluginAssemblies>
  <AppModuleSiteMaps>
    <AppModuleSiteMap>
      <SiteMapUniqueName>cr9f7_AppNameGoesHere</SiteMapUniqueName>
      <SiteMap IntroducedVersion="7.0.0.0">
        <Area Id="area_Entities" ResourceId="SitemapDesigner.NewArea" DescriptionResourceId="SitemapDesigner.NewArea" Icon="/WebResources/msdyn_/Images/Area_Default_Icon.png" ShowGroups="true" IntroducedVersion="7.0.0.0">
          <Titles>
            <Title LCID="1033" Title="Entities" />
          </Titles>
          <Group Id="area_Default" ResourceId="SitemapDesigner.NewGroup" IsProfile="false" ToolTipResourseId="SitemapDesigner.Unknown">
            <Titles>
              <Title LCID="1033" Title="Default" />
            </Titles>
            <SubArea Id="subArea_Accounts" Icon="/_imgs/imagestrips/transparent_spacer.gif" Entity="account" Client="All,Outlook,OutlookLaptopClient,OutlookWorkstationClient,Web" AvailableOffline="true" PassParams="false" Sku="All,OnPremise,Live,SPLA" />
            <SubArea Id="subArea_Contacts" Icon="/_imgs/imagestrips/transparent_spacer.gif" Entity="contact" Client="All,Outlook,OutlookLaptopClient,OutlookWorkstationClient,Web" AvailableOffline="true" PassParams="false" Sku="All,OnPremise,Live,SPLA" />
          </Group>
        </Area>
      </SiteMap>
      <LocalizedNames>
        <LocalizedName description="App Name Goes Here" languagecode="1033" />
      </LocalizedNames>
    </AppModuleSiteMap>
  </AppModuleSiteMaps>
  <AppModules>
    <AppModule>
      <UniqueName>cr9f7_AppNameGoesHere</UniqueName>
      <IntroducedVersion>1.0.0.0</IntroducedVersion>
      <WebResourceId>953b9fac-1e5e-e611-80d6-00155ded156f</WebResourceId>
      <FormFactor>1</FormFactor>
      <ClientType>4</ClientType>
      <AppModuleComponents>
        <AppModuleComponent type="62" schemaName="cr9f7_AppNameGoesHere" />
        <AppModuleComponent type="1" schemaName="account" />
        <AppModuleComponent type="60" id="{8448b78f-8f42-454e-8e2a-f8196b0419af}" />
        <AppModuleComponent type="26" id="{00000000-0000-0000-00aa-000010001002}" />
        <AppModuleComponent type="26" id="{00000000-0000-0000-00aa-000010001031}" />
        <AppModuleComponent type="1" schemaName="contact" />
        <AppModuleComponent type="60" id="{1fed44d1-ae68-4a41-bd2b-f13acac4acfa}" />
        <AppModuleComponent type="26" id="{00000000-0000-0000-00aa-000010001004}" />
        <AppModuleComponent type="26" id="{00000000-0000-0000-00aa-000010001033}" />
      </AppModuleComponents>
      <AppModuleRoleMaps>
        <Role id="{119f245c-3cc8-4b62-b31c-d1a046ced15d}" />
        <Role id="{627090ff-40a3-4053-8790-584edc5be201}" />
      </AppModuleRoleMaps>
      <LocalizedNames>
        <LocalizedName description="App Name Goes Here" languagecode="1033" />
      </LocalizedNames>
      <Descriptions>
        <Description description="A unified interface app with loads and loads of interesting features that won't be forgotten about when the trial expires." languagecode="1033" />
      </Descriptions>
    </AppModule>
  </AppModules>
  <EntityDataProviders />
  <Languages>
    <Language>1033</Language>
    <Language>1046</Language>
  </Languages>
</ImportExportXml>